<?xml version="1.0" encoding="UTF-8"?>
<beans xmlns="http://www.springframework.org/schema/beans"
    xmlns:xsi="http://www.w3.org/2001/XMLSchema-instance" 
    xmlns:int="http://www.springframework.org/schema/integration"
    xmlns:context="http://www.springframework.org/schema/context"
    xmlns:int-mqtt="http://www.springframework.org/schema/integration/mqtt"
    xsi:schemaLocation="
        http://www.springframework.org/schema/integration 
        http://www.springframework.org/schema/integration/spring-integration.xsd
        http://www.springframework.org/schema/beans     
    	http://www.springframework.org/schema/beans/spring-beans.xsd
        http://www.springframework.org/schema/integration/mqtt
        http://www.springframework.org/schema/integration/mqtt/spring-integration-mqtt.xsd
        http://www.springframework.org/schema/context
        http://www.springframework.org/schema/context/spring-context.xsd"> 
        
    <bean id="clientFactory" class="org.springframework.integration.mqtt.core.DefaultMqttPahoClientFactory"> 
        <property name="userName" value="username" /> 
        <property name="password" value="password" /> 
        <property name="serverURIs"> 
            <array>
                <!-- <value>tcp://192.168.219.103:1883</value> --> 
                <value>tcp://192.168.0.53:1883</value> 
            </array>
        </property>
    </bean>
    
    <!-- Inbound  -->
    <int-mqtt:message-driven-channel-adapter  
        id="mqttInboundAdapter" 
        client-id="mqttWeb2"
        topics="outTopic5"  
        qos="0"  
        client-factory="clientFactory"   
        auto-startup="true"  
        send-timeout="12"  
        channel="subCase" />
        
    <int:channel id="subCase" />  
  
	<int:service-activator id="subCaseService" input-channel="subCase" ref="mqttPahoService" method="handleSubscribeTopicMsg" />  
  
	<bean id="mqttPahoService" class="com.joongang.service.MqttPahoServiceImpl" />  

	<!-- Outbound -->
	<bean id="mqttOutboundHandler" class="org.springframework.integration.mqtt.outbound.MqttPahoMessageHandler">
	    <constructor-arg name="clientId" value="mqttWeb2"/>  
        <constructor-arg name="clientFactory" ref="clientFactory"/>  
    </bean> 
</beans> 