<?xml version="1.0" encoding="UTF-8"?>

<!DOCTYPE mapper PUBLIC "-//mybatis.org//DTD Mapper 3.0//EN" "
http://mybatis.org/dtd/mybatis-3-mapper.dtd">
<mapper namespace="com.joongang.mapper.AnimalMapper">


	<select id="getDogList" resultType="com.joongang.domain.AnimalVO">
		select * from tbl_animal where type = 'dog'
	</select>
	
	<select id="getCatList" resultType="com.joongang.domain.AnimalVO">
		select * from tbl_animal where type = 'cat'
	</select>
	
	<insert id="insert" useGeneratedKeys="true" keyProperty="animal_no">
		insert into tbl_animal (name, src, type)
		values (#{name}, #{src}, #{type})
	</insert>
	
	<select id ="read" resultType="com.joongang.domain.AnimalVO">
		select * from tbl_animal
		where animal_no = #{animal_no}
	</select>
	
	<delete id ="delete">
		delete from tbl_animal
		where animal_no = #{animal_no}
	</delete>

	
</mapper>