<?xml version="1.0" encoding="UTF-8"?>

<!DOCTYPE mapper PUBLIC "-//mybatis.org//DTD Mapper 3.0//EN" 
"http://mybatis.org/dtd/mybatis-3-mapper.dtd">
<mapper namespace="com.joongang.mapper.MemberMapper">

	<resultMap type="com.joongang.domain.MemberVO" id="memberMap">
		<id property="userId" column="userid"/>
		<result property="userId" column="userid"/>
		<result property="userPw" column="userpw"/>
		<result property="userName" column="username"/>
		<result property="enabled" column="enabled"/>
		<result property="regDate" column="regdate"/>
		<result property="updateDate" column="updatedate"/>
		<collection property="authList" resultMap="authMap" />
	</resultMap>
	
	<resultMap type="com.joongang.domain.AuthVO" id="authMap">
		<result property="userId" column="userid"/>
		<result property="auth" column="auth"/>
	</resultMap>
	
	<select id="read" resultMap="memberMap">
		SELECT 
			mem.userid, 
			userpw, 
			username, 
			enabled, 
			regdate, 
			updatedate, 
			auth
		FROM tbl_member mem LEFT OUTER JOIN tbl_member_auth auth on mem.userid = auth.userid
		WHERE mem.userid = #{userId}
	</select>
	
	<insert id="insert">
		insert into tbl_member (userid, userpw, username, enabled) 
		values (#{userId}, #{userPw}, #{userName}, 1)
	</insert>
	
	<insert id="insertAuth">
		insert into test.tbl_member_auth (userid, auth) 
		values (#{userId}, "ROLE_USER")
	</insert>
	
</mapper>