<?xml version="1.0" encoding="UTF-8"?>

<!DOCTYPE mapper PUBLIC "-//mybatis.org//DTD Mapper 3.0//EN" "
http://mybatis.org/dtd/mybatis-3-mapper.dtd">
<mapper namespace="com.joongang.mapper.ReplyMapper">

	<select id="getCountByBno" resultType="int">
		select count(rno) from tbl_reply where bno = #{bno}
	</select>
	
	<insert id="insert">
		insert into tbl_reply (bno, reply, replyer)
		values (#{bno}, #{reply}, #{replyer})
	</insert>
	
	<delete id ="delete">
		delete from tbl_reply 
		where rno = #{rno}
	</delete>
	
	<select id ="read" resultType="com.joongang.domain.ReplyVO">
		select * from tbl_reply
		where rno = #{rno}
	</select>
	
	<update id="update">
		update tbl_reply
		set reply = #{reply}
		where rno = #{rno}
	</update>
	
	<select id="getListWithPaging" resultType="com.joongang.domain.ReplyVO">
		select rno, bno, reply, replyer, replyDate, updateDate
		from tbl_reply
		where bno = #{bno}
		order by rno asc LIMIT #{criteria.offset}, #{criteria.amount}
	</select>
		
</mapper>